{
  "timestamp": "2026-01-27T11:51:09.437637",
  "config": {
    "trades_per_type": 50,
    "trade_types": [
      "ir_swap",
      "equity_option"
    ],
    "portfolios": 3,
    "num_factors": 65,
    "num_trades": 100
  },
  "timing": {
    "numpy": {
      "mean_ms": 1.3486815616488457,
      "std_ms": 0.027119008817727053,
      "min_ms": 1.321723684668541,
      "max_ms": 1.420527696609497,
      "median_ms": 1.3399552553892136,
      "num_runs": 10,
      "total_im": 17435464334897.846
    },
    "aadc": {
      "mean_ms": 1.8610389903187752,
      "std_ms": 0.04745689483398855,
      "min_ms": 1.8088407814502716,
      "max_ms": 1.9765384495258331,
      "median_ms": 1.8498161807656288,
      "num_runs": 10,
      "total_im": 151979752641.36658
    }
  },
  "validation_passed": false
}